[{"uid":"blt44fe9481bd958fc8","content_type":"image/jpeg","file_size":"253305","tags":[],"filename":"gaming2.jpg","url":"https://images.contentstack.io/v3/assets/blt17537f14dafb140d/blt44fe9481bd958fc8/5f71cc2e72a0163a5b82b459/gaming2.jpg","ACL":{},"is_dir":false,"parent_uid":null,"_version":1,"title":"gaming2.jpg","publish_details":[{"environment":"blt17d583b2bd1905a0","locale":"en-us","time":"2020-09-28T11:44:33.882Z","user":"bltf01cfddcefa2394d","version":1},{"environment":"bltfca2e86ddd2fca9e","locale":"en-us","time":"2020-10-06T13:08:42.645Z","user":"bltf01cfddcefa2394d","version":1}]}]