{"blt17d583b2bd1905a0":{"deploy_content":false,"servers":[],"urls":[{"url":"","locale":"en-us"}],"name":"development","created_by":"bltf01cfddcefa2394d","updated_by":"bltf01cfddcefa2394d","created_at":"2020-06-21T10:19:28.362Z","updated_at":"2020-06-21T10:19:28.362Z","ACL":[],"_version":1},"bltfca2e86ddd2fca9e":{"deploy_content":false,"servers":[],"urls":[{"url":"","locale":"en-us"}],"name":"testing","created_by":"bltf01cfddcefa2394d","updated_by":"bltf01cfddcefa2394d","created_at":"2020-10-06T13:06:37.894Z","updated_at":"2020-10-06T13:06:37.894Z","ACL":[],"_version":1}}