[{"uid":"bltf9988781de12bdad","content_type":"image/jpeg","file_size":"381195","tags":[],"filename":"education.jpg","url":"https://images.contentstack.io/v3/assets/blt17537f14dafb140d/bltf9988781de12bdad/5eec7be6688c1c62a49aeadd/education.jpg","ACL":{},"is_dir":false,"parent_uid":null,"_version":1,"title":"education.jpg","publish_details":[{"environment":"blt17d583b2bd1905a0","locale":"en-us","time":"2020-06-21T10:20:37.014Z","user":"bltf01cfddcefa2394d","version":1},{"environment":"bltfca2e86ddd2fca9e","locale":"en-us","time":"2020-10-06T13:08:42.645Z","user":"bltf01cfddcefa2394d","version":1}]}]