{"blt6cc97a7729db28ca":{"title":"Footer","group":{"title":"LOCATION","address":"319, Chandansar Road Chandansar, Chandansar, Virar, Maharashtra 401305"},"social":{"title":"AROUND THE WEB","social_links":[{"link":{"title":"Facebook","href":"#"},"fontawesome_class":"fa fa-facebook"},{"link":{"title":"Google Plus","href":"#"},"fontawesome_class":"fa fa-google-plus"},{"link":{"title":"Twitter","href":"#"},"fontawesome_class":"fa fa-twitter"},{"link":{"title":"Linked In","href":"#"},"fontawesome_class":"fa fa-linkedin"},{"link":{"title":"Dribble","href":"#"},"fontawesome_class":"fa fa-dribbble"}]},"copyright":"Copyright © Contentstack 2020","tags":[],"locale":"en-us","uid":"blt6cc97a7729db28ca","created_by":"bltf01cfddcefa2394d","updated_by":"bltf01cfddcefa2394d","created_at":"2020-09-15T07:44:03.231Z","updated_at":"2020-09-17T05:11:50.848Z","ACL":{},"_version":3,"_in_progress":false,"publish_details":[{"environment":"blt17d583b2bd1905a0","locale":"en-us","time":"2020-10-05T09:33:08.015Z","user":"bltf01cfddcefa2394d","version":3},{"environment":"bltfca2e86ddd2fca9e","locale":"en-us","time":"2020-10-06T13:08:12.963Z","user":"bltf01cfddcefa2394d","version":3}]}}