[{"uid":"blt0f134787c306eb8f","content_type":"image/jpeg","file_size":"4712637","tags":[],"filename":"eugenio-mazzone-6ywyo2qtaZ8-unsplash.jpg","url":"https://images.contentstack.io/v3/assets/blt17537f14dafb140d/blt0f134787c306eb8f/5ef058846b547b2c37e3b538/eugenio-mazzone-6ywyo2qtaZ8-unsplash.jpg","ACL":{},"is_dir":false,"parent_uid":null,"_version":1,"title":"eugenio-mazzone-6ywyo2qtaZ8-unsplash.jpg","publish_details":[{"environment":"blt17d583b2bd1905a0","locale":"en-us","time":"2020-08-27T11:20:59.077Z","user":"bltf01cfddcefa2394d","version":2}]},{"uid":"blt0f134787c306eb8f","content_type":"image/jpeg","file_size":"1800322","tags":[],"filename":"eugenio-mazzone-6ywyo2qtaZ8-unsplash-compressed.jpg","url":"https://images.contentstack.io/v3/assets/blt17537f14dafb140d/blt0f134787c306eb8f/5f479718ba13f249213fc07e/eugenio-mazzone-6ywyo2qtaZ8-unsplash-compressed.jpg","ACL":{},"is_dir":false,"parent_uid":null,"_version":2,"title":"eugenio-mazzone-6ywyo2qtaZ8-unsplash.jpg","description":"","publish_details":[{"environment":"blt17d583b2bd1905a0","locale":"en-us","time":"2020-08-27T11:20:59.077Z","user":"bltf01cfddcefa2394d","version":2}]}]