{"blt33151368f4f9fcfb":{"title":"Header","tags":[],"locale":"en-us","uid":"blt33151368f4f9fcfb","created_by":"bltf01cfddcefa2394d","updated_by":"bltf01cfddcefa2394d","created_at":"2020-09-14T05:38:06.575Z","updated_at":"2020-09-14T05:41:56.492Z","ACL":{},"_version":2,"_in_progress":false,"menu":[{"link":{"title":"Home","href":"/"}},{"link":{"title":"Blogs","href":"/blogs"}}],"publish_details":[{"environment":"blt17d583b2bd1905a0","locale":"en-us","time":"2020-10-05T09:32:50.136Z","user":"bltf01cfddcefa2394d","version":2},{"environment":"bltfca2e86ddd2fca9e","locale":"en-us","time":"2020-10-06T13:07:54.394Z","user":"bltf01cfddcefa2394d","version":2}]}}