[{"uid":"blt556f8ec1f18852e8","content_type":"image/jpeg","file_size":"257210","tags":[],"filename":"gaming5.jpg","url":"https://images.contentstack.io/v3/assets/blt17537f14dafb140d/blt556f8ec1f18852e8/5f71cc18c9b7a74683f77cc0/gaming5.jpg","ACL":{},"is_dir":false,"_version":1,"title":"gaming5.jpg","publish_details":[{"environment":"blt17d583b2bd1905a0","locale":"en-us","time":"2020-09-28T11:44:33.882Z","user":"bltf01cfddcefa2394d","version":1},{"environment":"bltfca2e86ddd2fca9e","locale":"en-us","time":"2020-10-06T13:08:42.645Z","user":"bltf01cfddcefa2394d","version":1}]}]