[{"uid":"bltb8f94f048e557c73","content_type":"image/png","file_size":"75422","tags":[],"filename":"screencapture-contentstack-gatsby-starter-herokuapp-2020-08-31-18_43_26.png","url":"https://images.contentstack.io/v3/assets/blt17537f14dafb140d/bltb8f94f048e557c73/5f4cf78cc0ed4228f9e57761/screencapture-contentstack-gatsby-starter-herokuapp-2020-08-31-18_43_26.png","ACL":{},"is_dir":false,"parent_uid":null,"_version":1,"title":"screencapture-contentstack-gatsby-starter-herokuapp-2020-08-31-18_43_26.png","publish_details":[]}]