[{"uid":"blta60ade78fa74e9e1","content_type":"image/jpeg","file_size":"42053","tags":[],"filename":"sports-blog-post.jpg","url":"https://images.contentstack.io/v3/assets/blt17537f14dafb140d/blta60ade78fa74e9e1/5f71ca4d72a0163a5b82b451/sports-blog-post.jpg","ACL":{},"is_dir":false,"parent_uid":null,"_version":1,"title":"sports-blog-post.jpg","publish_details":[{"environment":"blt17d583b2bd1905a0","locale":"en-us","time":"2020-09-28T11:37:40.053Z","user":"bltf01cfddcefa2394d","version":1},{"environment":"bltfca2e86ddd2fca9e","locale":"en-us","time":"2020-10-06T13:08:42.645Z","user":"bltf01cfddcefa2394d","version":1}]}]