{"blt325b9790ff1e1029":{"uid":"blt325b9790ff1e1029","content_type":"image/jpeg","file_size":"60474","tags":[],"filename":"travel-blog-3.jpg","url":"https://images.contentstack.io/v3/assets/blt17537f14dafb140d/blt325b9790ff1e1029/5f71cdbd419b304ab54c3968/travel-blog-3.jpg","ACL":{"roles":[],"others":{"read":false,"create":false,"update":false,"delete":false,"sub_acl":{"read":false,"create":false,"update":false,"delete":false,"publish":false}}},"is_dir":false,"parent_uid":null,"_version":1,"title":"travel-blog-3.jpg","publish_details":[{"environment":"blt17d583b2bd1905a0","locale":"en-us","time":"2020-09-28T11:49:37.928Z","user":"bltf01cfddcefa2394d","version":1},{"environment":"bltfca2e86ddd2fca9e","locale":"en-us","time":"2020-10-06T13:08:42.645Z","user":"bltf01cfddcefa2394d","version":1}]},"blt44fe9481bd958fc8":{"uid":"blt44fe9481bd958fc8","content_type":"image/jpeg","file_size":"253305","tags":[],"filename":"gaming2.jpg","url":"https://images.contentstack.io/v3/assets/blt17537f14dafb140d/blt44fe9481bd958fc8/5f71cc2e72a0163a5b82b459/gaming2.jpg","ACL":{"roles":[],"others":{"read":false,"create":false,"update":false,"delete":false,"sub_acl":{"read":false,"create":false,"update":false,"delete":false,"publish":false}}},"is_dir":false,"parent_uid":null,"_version":1,"title":"gaming2.jpg","publish_details":[{"environment":"blt17d583b2bd1905a0","locale":"en-us","time":"2020-09-28T11:44:33.882Z","user":"bltf01cfddcefa2394d","version":1},{"environment":"bltfca2e86ddd2fca9e","locale":"en-us","time":"2020-10-06T13:08:42.645Z","user":"bltf01cfddcefa2394d","version":1}]},"blt25120895319d53b7":{"uid":"blt25120895319d53b7","content_type":"image/jpeg","file_size":"143587","tags":[],"filename":"travel-blog-1.jpg","url":"https://images.contentstack.io/v3/assets/blt17537f14dafb140d/blt25120895319d53b7/5f71cdad241b733a5c3673a2/travel-blog-1.jpg","ACL":{"roles":[],"others":{"read":false,"create":false,"update":false,"delete":false,"sub_acl":{"read":false,"create":false,"update":false,"delete":false,"publish":false}}},"is_dir":false,"_version":1,"title":"travel-blog-1.jpg","publish_details":[{"environment":"blt17d583b2bd1905a0","locale":"en-us","time":"2020-09-28T11:49:37.928Z","user":"bltf01cfddcefa2394d","version":1},{"environment":"bltfca2e86ddd2fca9e","locale":"en-us","time":"2020-10-06T13:08:42.645Z","user":"bltf01cfddcefa2394d","version":1}]},"blt556f8ec1f18852e8":{"uid":"blt556f8ec1f18852e8","content_type":"image/jpeg","file_size":"257210","tags":[],"filename":"gaming5.jpg","url":"https://images.contentstack.io/v3/assets/blt17537f14dafb140d/blt556f8ec1f18852e8/5f71cc18c9b7a74683f77cc0/gaming5.jpg","ACL":{"roles":[],"others":{"read":false,"create":false,"update":false,"delete":false,"sub_acl":{"read":false,"create":false,"update":false,"delete":false,"publish":false}}},"is_dir":false,"_version":1,"title":"gaming5.jpg","publish_details":[{"environment":"blt17d583b2bd1905a0","locale":"en-us","time":"2020-09-28T11:44:33.882Z","user":"bltf01cfddcefa2394d","version":1},{"environment":"bltfca2e86ddd2fca9e","locale":"en-us","time":"2020-10-06T13:08:42.645Z","user":"bltf01cfddcefa2394d","version":1}]},"blt7d9356b370cd9c57":{"uid":"blt7d9356b370cd9c57","content_type":"image/jpeg","file_size":"265058","tags":[],"filename":"travel-blog-2.jpg","url":"https://images.contentstack.io/v3/assets/blt17537f14dafb140d/blt7d9356b370cd9c57/5f71cdb772a0163a5b82b467/travel-blog-2.jpg","ACL":{"roles":[],"others":{"read":false,"create":false,"update":false,"delete":false,"sub_acl":{"read":false,"create":false,"update":false,"delete":false,"publish":false}}},"is_dir":false,"parent_uid":null,"_version":1,"title":"travel-blog-2.jpg","publish_details":[{"environment":"blt17d583b2bd1905a0","locale":"en-us","time":"2020-09-28T11:49:37.928Z","user":"bltf01cfddcefa2394d","version":1},{"environment":"bltfca2e86ddd2fca9e","locale":"en-us","time":"2020-10-06T13:08:42.645Z","user":"bltf01cfddcefa2394d","version":1}]},"bltb8f94f048e557c73":{"uid":"bltb8f94f048e557c73","content_type":"image/png","file_size":"75422","tags":[],"filename":"screencapture-contentstack-gatsby-starter-herokuapp-2020-08-31-18_43_26.png","url":"https://images.contentstack.io/v3/assets/blt17537f14dafb140d/bltb8f94f048e557c73/5f4cf78cc0ed4228f9e57761/screencapture-contentstack-gatsby-starter-herokuapp-2020-08-31-18_43_26.png","ACL":{"roles":[],"others":{"read":false,"create":false,"update":false,"delete":false,"sub_acl":{"read":false,"create":false,"update":false,"delete":false,"publish":false}}},"is_dir":false,"parent_uid":null,"_version":1,"title":"screencapture-contentstack-gatsby-starter-herokuapp-2020-08-31-18_43_26.png","publish_details":[]},"blt03f584340414c8c8":{"uid":"blt03f584340414c8c8","content_type":"image/jpeg","file_size":"149882","tags":[],"filename":"Content&Gatsby.jpg","url":"https://images.contentstack.io/v3/assets/blt17537f14dafb140d/blt03f584340414c8c8/5f5f03b9c0eb1d4aeabe96ae/Content&Gatsby.jpg","ACL":{"roles":[],"others":{"read":false,"create":false,"update":false,"delete":false,"sub_acl":{"read":false,"create":false,"update":false,"delete":false,"publish":false}}},"is_dir":false,"_version":1,"title":"Content&Gatsby.jpg","publish_details":[{"environment":"blt17d583b2bd1905a0","locale":"en-us","time":"2020-09-15T07:46:53.754Z","user":"bltf01cfddcefa2394d","version":1},{"environment":"bltfca2e86ddd2fca9e","locale":"en-us","time":"2020-10-06T13:07:39.470Z","user":"bltf01cfddcefa2394d","version":1}]},"bltf9988781de12bdad":{"uid":"bltf9988781de12bdad","content_type":"image/jpeg","file_size":"381195","tags":[],"filename":"education.jpg","url":"https://images.contentstack.io/v3/assets/blt17537f14dafb140d/bltf9988781de12bdad/5eec7be6688c1c62a49aeadd/education.jpg","ACL":{"roles":[],"others":{"read":false,"create":false,"update":false,"delete":false,"sub_acl":{"read":false,"create":false,"update":false,"delete":false,"publish":false}}},"is_dir":false,"parent_uid":null,"_version":1,"title":"education.jpg","publish_details":[{"environment":"blt17d583b2bd1905a0","locale":"en-us","time":"2020-06-21T10:20:37.014Z","user":"bltf01cfddcefa2394d","version":1},{"environment":"bltfca2e86ddd2fca9e","locale":"en-us","time":"2020-10-06T13:08:42.645Z","user":"bltf01cfddcefa2394d","version":1}]},"blt489859f102abf6fc":{"uid":"blt489859f102abf6fc","content_type":"image/jpeg","file_size":"91782","tags":[],"filename":"blog-list-hero-banner.jpg","url":"https://images.contentstack.io/v3/assets/blt17537f14dafb140d/blt489859f102abf6fc/5f71c9d367fb9e454543821d/blog-list-hero-banner.jpg","ACL":{"roles":[],"others":{"read":false,"create":false,"update":false,"delete":false,"sub_acl":{"read":false,"create":false,"update":false,"delete":false,"publish":false}}},"is_dir":false,"_version":1,"title":"blog-list-hero-banner.jpg","publish_details":[{"environment":"blt17d583b2bd1905a0","locale":"en-us","time":"2020-09-28T11:37:40.053Z","user":"bltf01cfddcefa2394d","version":1}]},"blt83ee91ed0e1daa67":{"uid":"blt83ee91ed0e1daa67","content_type":"image/jpeg","file_size":"39133","tags":[],"filename":"travel-blog-banner.jpg","url":"https://images.contentstack.io/v3/assets/blt17537f14dafb140d/blt83ee91ed0e1daa67/5f71c9e51868224e73cb09cb/travel-blog-banner.jpg","ACL":{"roles":[],"others":{"read":false,"create":false,"update":false,"delete":false,"sub_acl":{"read":false,"create":false,"update":false,"delete":false,"publish":false}}},"is_dir":false,"_version":1,"title":"travel-blog-banner.jpg","publish_details":[{"environment":"blt17d583b2bd1905a0","locale":"en-us","time":"2020-09-28T11:37:40.053Z","user":"bltf01cfddcefa2394d","version":1},{"environment":"bltfca2e86ddd2fca9e","locale":"en-us","time":"2020-10-06T13:08:42.645Z","user":"bltf01cfddcefa2394d","version":1}]},"blt0de852ecba3b1ea3":{"uid":"blt0de852ecba3b1ea3","content_type":"image/png","file_size":"272453","tags":[],"filename":"gatsby-starter-home.png","url":"https://images.contentstack.io/v3/assets/blt17537f14dafb140d/blt0de852ecba3b1ea3/5f6225e021ecf947895da51e/gatsby-starter-home.png","ACL":{"roles":[],"others":{"read":false,"create":false,"update":false,"delete":false,"sub_acl":{"read":false,"create":false,"update":false,"delete":false,"publish":false}}},"is_dir":false,"parent_uid":null,"_version":1,"title":"gatsby-starter-home.png","publish_details":[]},"blt11bc8781de76dceb":{"uid":"blt11bc8781de76dceb","content_type":"image/jpeg","file_size":"122858","tags":[],"filename":"food-blog-banner.jpg","url":"https://images.contentstack.io/v3/assets/blt17537f14dafb140d/blt11bc8781de76dceb/5f71ca33747ff04fb79009bc/food-blog-banner.jpg","ACL":{"roles":[],"others":{"read":false,"create":false,"update":false,"delete":false,"sub_acl":{"read":false,"create":false,"update":false,"delete":false,"publish":false}}},"is_dir":false,"_version":1,"title":"food-blog-banner.jpg","publish_details":[{"environment":"blt17d583b2bd1905a0","locale":"en-us","time":"2020-09-28T11:37:40.053Z","user":"bltf01cfddcefa2394d","version":1},{"environment":"bltfca2e86ddd2fca9e","locale":"en-us","time":"2020-10-06T13:08:42.645Z","user":"bltf01cfddcefa2394d","version":1}]},"blta60ade78fa74e9e1":{"uid":"blta60ade78fa74e9e1","content_type":"image/jpeg","file_size":"42053","tags":[],"filename":"sports-blog-post.jpg","url":"https://images.contentstack.io/v3/assets/blt17537f14dafb140d/blta60ade78fa74e9e1/5f71ca4d72a0163a5b82b451/sports-blog-post.jpg","ACL":{"roles":[],"others":{"read":false,"create":false,"update":false,"delete":false,"sub_acl":{"read":false,"create":false,"update":false,"delete":false,"publish":false}}},"is_dir":false,"parent_uid":null,"_version":1,"title":"sports-blog-post.jpg","publish_details":[{"environment":"blt17d583b2bd1905a0","locale":"en-us","time":"2020-09-28T11:37:40.053Z","user":"bltf01cfddcefa2394d","version":1},{"environment":"bltfca2e86ddd2fca9e","locale":"en-us","time":"2020-10-06T13:08:42.645Z","user":"bltf01cfddcefa2394d","version":1}]},"blt871d14a779b0edd4":{"uid":"blt871d14a779b0edd4","content_type":"image/jpeg","file_size":"104784","tags":[],"filename":"science_and_technology.jpg","url":"https://images.contentstack.io/v3/assets/blt17537f14dafb140d/blt871d14a779b0edd4/5f71ca44419b304ab54c3964/science_and_technology.jpg","ACL":{"roles":[],"others":{"read":false,"create":false,"update":false,"delete":false,"sub_acl":{"read":false,"create":false,"update":false,"delete":false,"publish":false}}},"is_dir":false,"parent_uid":null,"_version":1,"title":"science_and_technology.jpg","publish_details":[{"environment":"blt17d583b2bd1905a0","locale":"en-us","time":"2020-09-28T11:37:40.053Z","user":"bltf01cfddcefa2394d","version":1},{"environment":"bltfca2e86ddd2fca9e","locale":"en-us","time":"2020-10-06T13:08:42.645Z","user":"bltf01cfddcefa2394d","version":1}]},"bltcf6741486d4e4d0e":{"uid":"bltcf6741486d4e4d0e","content_type":"image/png","file_size":"78256","tags":[],"filename":"gaming-blog-post.png","url":"https://images.contentstack.io/v3/assets/blt17537f14dafb140d/bltcf6741486d4e4d0e/5f71ca61b46e6a468eb30ff5/gaming-blog-post.png","ACL":{"roles":[],"others":{"read":false,"create":false,"update":false,"delete":false,"sub_acl":{"read":false,"create":false,"update":false,"delete":false,"publish":false}}},"is_dir":false,"_version":1,"title":"gaming-blog-post.png","publish_details":[{"environment":"blt17d583b2bd1905a0","locale":"en-us","time":"2020-09-28T11:37:40.053Z","user":"bltf01cfddcefa2394d","version":1},{"environment":"bltfca2e86ddd2fca9e","locale":"en-us","time":"2020-10-06T13:08:42.645Z","user":"bltf01cfddcefa2394d","version":1}]},"blt42db5af5d6879514":{"uid":"blt42db5af5d6879514","content_type":"image/png","file_size":"1701979","tags":[],"filename":"gatsby-starter-blogs.png","url":"https://images.contentstack.io/v3/assets/blt17537f14dafb140d/blt42db5af5d6879514/5f6225e5b038186a244b8af0/gatsby-starter-blogs.png","ACL":{"roles":[],"others":{"read":false,"create":false,"update":false,"delete":false,"sub_acl":{"read":false,"create":false,"update":false,"delete":false,"publish":false}}},"is_dir":false,"parent_uid":null,"_version":1,"title":"gatsby-starter-blogs.png","publish_details":[]},"blt0c34f28be07b257d":{"uid":"blt0c34f28be07b257d","content_type":"image/jpeg","file_size":"301820","tags":[],"filename":"gaming1.jpg","url":"https://images.contentstack.io/v3/assets/blt17537f14dafb140d/blt0c34f28be07b257d/5f71cbc81c1c533ba55d621d/gaming1.jpg","ACL":{"roles":[],"others":{"read":false,"create":false,"update":false,"delete":false,"sub_acl":{"read":false,"create":false,"update":false,"delete":false,"publish":false}}},"is_dir":false,"_version":1,"title":"gaming1.jpg","publish_details":[{"environment":"blt17d583b2bd1905a0","locale":"en-us","time":"2020-09-28T11:44:33.882Z","user":"bltf01cfddcefa2394d","version":1},{"environment":"bltfca2e86ddd2fca9e","locale":"en-us","time":"2020-10-06T13:08:42.645Z","user":"bltf01cfddcefa2394d","version":1}]},"blt8a68a48b8afb5a74":{"uid":"blt8a68a48b8afb5a74","content_type":"image/jpeg","file_size":"253305","tags":[],"filename":"gaming2.jpg","url":"https://images.contentstack.io/v3/assets/blt17537f14dafb140d/blt8a68a48b8afb5a74/5f71cc0f175fa54fb08fbe95/gaming2.jpg","ACL":{"roles":[],"others":{"read":false,"create":false,"update":false,"delete":false,"sub_acl":{"read":false,"create":false,"update":false,"delete":false,"publish":false}}},"is_dir":false,"_version":1,"title":"gaming2.jpg","publish_details":[{"environment":"blt17d583b2bd1905a0","locale":"en-us","time":"2020-09-28T11:44:33.882Z","user":"bltf01cfddcefa2394d","version":1},{"environment":"bltfca2e86ddd2fca9e","locale":"en-us","time":"2020-10-06T13:08:42.645Z","user":"bltf01cfddcefa2394d","version":1}]},"blte85a1927da0e6b4a":{"uid":"blte85a1927da0e6b4a","content_type":"image/jpeg","file_size":"1697671","tags":[],"filename":"foodBlog_post-compressed.jpg","url":"https://images.contentstack.io/v3/assets/blt17537f14dafb140d/blte85a1927da0e6b4a/5f479735ba13f249213fc086/foodBlog_post-compressed.jpg","ACL":{"roles":[],"others":{"read":false,"create":false,"update":false,"delete":false,"sub_acl":{"read":false,"create":false,"update":false,"delete":false,"publish":false}}},"is_dir":false,"parent_uid":null,"_version":2,"title":"foodBlog_post.jpg","description":"","publish_details":[{"environment":"blt17d583b2bd1905a0","locale":"en-us","time":"2020-08-27T11:21:28.486Z","user":"bltf01cfddcefa2394d","version":2}]},"blt0f134787c306eb8f":{"uid":"blt0f134787c306eb8f","content_type":"image/jpeg","file_size":"1800322","tags":[],"filename":"eugenio-mazzone-6ywyo2qtaZ8-unsplash-compressed.jpg","url":"https://images.contentstack.io/v3/assets/blt17537f14dafb140d/blt0f134787c306eb8f/5f479718ba13f249213fc07e/eugenio-mazzone-6ywyo2qtaZ8-unsplash-compressed.jpg","ACL":{"roles":[],"others":{"read":false,"create":false,"update":false,"delete":false,"sub_acl":{"read":false,"create":false,"update":false,"delete":false,"publish":false}}},"is_dir":false,"parent_uid":null,"_version":2,"title":"eugenio-mazzone-6ywyo2qtaZ8-unsplash.jpg","description":"","publish_details":[{"environment":"blt17d583b2bd1905a0","locale":"en-us","time":"2020-08-27T11:20:59.077Z","user":"bltf01cfddcefa2394d","version":2}]}}