{"blt9f9dfc193c171717":{"created_at":"2020-09-01T07:57:41.818Z","updated_at":"2020-09-01T07:57:41.818Z","created_by":"bltf01cfddcefa2394d","updated_by":"bltf01cfddcefa2394d","tags":[],"ACL":[],"_version":1,"title":"demo1234","config":{"apiKey":"blt9a66fc0dee28e4d0","managementToken":"cs91f6cf9b00b10d673a4d7651"},"type":"field","data_type":"json","multiple":true,"srcdoc":"<!doctype html>\n<html lang=\"en\">\n\n<head>\n  <meta charset=\"UTF-8\">\n  <title>Contentstack Field Extension</title>\n  <script src=\"https://www.contentstack.com/sdks/contentstack-ui-extensions/dist/latest/ui-extension-sdk.js\"></script>\n  <link href=\"https://www.contentstack.com/sdks/contentstack-ui-extensions/dist/1.1.0/ui-extension-sdk.css\" rel=\"stylesheet\" type=\"text/css\" media=\"all\">\n  <style media=\"all\">\n#load-more-button,.button{text-decoration:none;text-align:center}#load-more-button{border-radius:0!important;font-size:14px;line-height:1.42857143;color:#25c2a3!important;width:100%!important}#close-button{width:auto;color:#fff;font-size:18px;padding:3px 4px 1px;background:#000;border-radius:50%;border:2px solid #fff;line-height:11px;box-sizing:border-box;text-align:center;font-weight:700;position:absolute;right:3px;top:5px}#close-button:hover{cursor:pointer;color:#d1d3d6}.loadspin{align-content:center!important;background:url(https://images.contentstack.io/v3/assets/bltd1343376dfba54d2/blta0b4f830d61ba527/5b58019b4f5e9b551d22f4f9/loading.gif) 40% 3px no-repeat!important;pointer-events:none}.button{border-radius:24px;font-size:14px;line-height:1.42857143;color:#25c2a3!important;width:120px}#message-container{color:#f77d7a}.loader{display:none}.wrapper{margin:-12px;padding:0;width:100%}#selected-asset{width:100%;display:block;overflow:hidden;clear:both}#selected-asset li{display:block;border:2px solid #ccc;position:relative;margin-bottom:15px;cursor:pointer}#selected-asset li span.title{font-size:16px;line-height:20px;padding:10px 10px 5px;display:block;color:#748590;border-radius:32px}.wrapper .container #choose-asset-section{width:100%;display:none}.wrapper .container #choose-asset-section form{padding:15px 0}#choose-asset-section ul li .box{min-height:185px;margin-bottom:15px;cursor:pointer}#choose-asset-section ul li section img{width:100%;height:100%;position:relative}#choose-asset-section ul li span.title{display:-webkit-box;max-width:100%;height:41px;margin:0 auto;line-height:1;-webkit-line-clamp:2;-webkit-box-orient:vertical;overflow:hidden;text-overflow:ellipsis;font-size:16px;padding:10px 10px 5px;color:#748590}.reference-loading .loader,.reference-loading .loader::after,.reference-loading .loader::before{border-radius:50%;width:1.3em;height:1.3em;-webkit-animation:load7 1.8s infinite ease-in-out;animation:load7 1.8s infinite ease-in-out}.reference-loading .loader{color:#25c2a3;font-size:10px;position:relative;text-indent:-9999em;-webkit-transform:translateZ(0);-ms-transform:translateZ(0);transform:translateZ(0);-webkit-animation-delay:-.16s;animation-delay:-.16s;top:-20px;margin-left:6%}.reference-loading .loader::after,.reference-loading .loader::before{content:'';position:absolute;top:0}.reference-loading .loader::before{left:-2.5em;-webkit-animation-delay:-.32s;animation-delay:-.32s}.reference-loading .loader::after{left:2.5em}#choose-asset-section ul li a img{width:100%;height:150px;position:relative}.reference-loading{display:inline-block;margin-left:50px;width:50%}.reference-loading .loading{text-align:center;margin:20px auto}.reference-loading .loading-flash div{border-radius:50%;height:10px;width:10px;display:inline-block;box-sizing:border-box;background:#25c2a3}.reference-loading .loading-flash div:nth-of-type(4){animation:flash .4s .5s ease-in-out infinite}.reference-loading .loading-flash div:nth-of-type(3){animation:flash .4s .2s linear infinite}.reference-loading .loading-flash div:nth-of-type(2){animation:flash .4s -.1s linear infinite}.reference-loading .loading-flash div:nth-of-type(1){animation:flash .4s -.4s linear infinite}img.thumbnail{width:100%;min-height:120px}ul#asset-list{margin-top:10px}body{border:1px solid #e6eced;background-color:#f7fbfc}.container{padding:15px}\n</style>\n  <style media=\"all\">\n/*!\n * Bootstrap v3.3.7 (http://getbootstrap.com)\n * Copyright 2011-2018 Twitter,\n  Inc.\n * Licensed under MIT (https://github.com/twbs/bootstrap/blob/master/LICENSE)\n *//*!\n * Generated using the Bootstrap Customizer (<none>)\n * Config saved to config.json and <none>\n *//*!\n * Bootstrap v3.3.7 (http://getbootstrap.com)\n * Copyright 2011-2016 Twitter,\n  Inc.\n * Licensed under MIT (https://github.com/twbs/bootstrap/blob/master/LICENSE)\n *//*! normalize.css v3.0.3 | MIT License | github.com/necolas/normalize.css */.container,.container-fluid{margin-right:auto;margin-left:auto;padding-left:15px;padding-right:15px}@media (min-width:768px){.container{width:750px}}@media (min-width:992px){.container{width:970px}}@media (min-width:1200px){.container{width:1170px}}.row{margin-left:-15px;margin-right:-15px}.col-lg-1,.col-lg-10,.col-lg-11,.col-lg-12,.col-lg-2,.col-lg-3,.col-lg-4,.col-lg-5,.col-lg-6,.col-lg-7,.col-lg-8,.col-lg-9,.col-md-1,.col-md-10,.col-md-11,.col-md-12,.col-md-2,.col-md-3,.col-md-4,.col-md-5,.col-md-6,.col-md-7,.col-md-8,.col-md-9,.col-sm-1,.col-sm-10,.col-sm-11,.col-sm-12,.col-sm-2,.col-sm-3,.col-sm-4,.col-sm-5,.col-sm-6,.col-sm-7,.col-sm-8,.col-sm-9,.col-xs-1,.col-xs-10,.col-xs-11,.col-xs-12,.col-xs-2,.col-xs-3,.col-xs-4,.col-xs-5,.col-xs-6,.col-xs-7,.col-xs-8,.col-xs-9{position:relative;min-height:1px;padding-left:15px;padding-right:15px}.col-xs-1,.col-xs-10,.col-xs-11,.col-xs-12,.col-xs-2,.col-xs-3,.col-xs-4,.col-xs-5,.col-xs-6,.col-xs-7,.col-xs-8,.col-xs-9{float:left}.col-xs-12{width:100%}.col-xs-11{width:91.66666667%}.col-xs-10{width:83.33333333%}.col-xs-9{width:75%}.col-xs-8{width:66.66666667%}.col-xs-7{width:58.33333333%}.col-xs-6{width:50%}.col-xs-5{width:41.66666667%}.col-xs-4{width:33.33333333%}.col-xs-3{width:25%}.col-xs-2{width:16.66666667%}.col-xs-1{width:8.33333333%}.col-xs-pull-12{right:100%}.col-xs-pull-11{right:91.66666667%}.col-xs-pull-10{right:83.33333333%}.col-xs-pull-9{right:75%}.col-xs-pull-8{right:66.66666667%}.col-xs-pull-7{right:58.33333333%}.col-xs-pull-6{right:50%}.col-xs-pull-5{right:41.66666667%}.col-xs-pull-4{right:33.33333333%}.col-xs-pull-3{right:25%}.col-xs-pull-2{right:16.66666667%}.col-xs-pull-1{right:8.33333333%}.col-xs-pull-0{right:auto}.col-xs-push-12{left:100%}.col-xs-push-11{left:91.66666667%}.col-xs-push-10{left:83.33333333%}.col-xs-push-9{left:75%}.col-xs-push-8{left:66.66666667%}.col-xs-push-7{left:58.33333333%}.col-xs-push-6{left:50%}.col-xs-push-5{left:41.66666667%}.col-xs-push-4{left:33.33333333%}.col-xs-push-3{left:25%}.col-xs-push-2{left:16.66666667%}.col-xs-push-1{left:8.33333333%}.col-xs-push-0{left:auto}.col-xs-offset-12{margin-left:100%}.col-xs-offset-11{margin-left:91.66666667%}.col-xs-offset-10{margin-left:83.33333333%}.col-xs-offset-9{margin-left:75%}.col-xs-offset-8{margin-left:66.66666667%}.col-xs-offset-7{margin-left:58.33333333%}.col-xs-offset-6{margin-left:50%}.col-xs-offset-5{margin-left:41.66666667%}.col-xs-offset-4{margin-left:33.33333333%}.col-xs-offset-3{margin-left:25%}.col-xs-offset-2{margin-left:16.66666667%}.col-xs-offset-1{margin-left:8.33333333%}.col-xs-offset-0{margin-left:0}@media (min-width:768px){.col-sm-1,.col-sm-10,.col-sm-11,.col-sm-12,.col-sm-2,.col-sm-3,.col-sm-4,.col-sm-5,.col-sm-6,.col-sm-7,.col-sm-8,.col-sm-9{float:left}.col-sm-12{width:100%}.col-sm-11{width:91.66666667%}.col-sm-10{width:83.33333333%}.col-sm-9{width:75%}.col-sm-8{width:66.66666667%}.col-sm-7{width:58.33333333%}.col-sm-6{width:50%}.col-sm-5{width:41.66666667%}.col-sm-4{width:33.33333333%}.col-sm-3{width:25%}.col-sm-2{width:16.66666667%}.col-sm-1{width:8.33333333%}.col-sm-pull-12{right:100%}.col-sm-pull-11{right:91.66666667%}.col-sm-pull-10{right:83.33333333%}.col-sm-pull-9{right:75%}.col-sm-pull-8{right:66.66666667%}.col-sm-pull-7{right:58.33333333%}.col-sm-pull-6{right:50%}.col-sm-pull-5{right:41.66666667%}.col-sm-pull-4{right:33.33333333%}.col-sm-pull-3{right:25%}.col-sm-pull-2{right:16.66666667%}.col-sm-pull-1{right:8.33333333%}.col-sm-pull-0{right:auto}.col-sm-push-12{left:100%}.col-sm-push-11{left:91.66666667%}.col-sm-push-10{left:83.33333333%}.col-sm-push-9{left:75%}.col-sm-push-8{left:66.66666667%}.col-sm-push-7{left:58.33333333%}.col-sm-push-6{left:50%}.col-sm-push-5{left:41.66666667%}.col-sm-push-4{left:33.33333333%}.col-sm-push-3{left:25%}.col-sm-push-2{left:16.66666667%}.col-sm-push-1{left:8.33333333%}.col-sm-push-0{left:auto}.col-sm-offset-12{margin-left:100%}.col-sm-offset-11{margin-left:91.66666667%}.col-sm-offset-10{margin-left:83.33333333%}.col-sm-offset-9{margin-left:75%}.col-sm-offset-8{margin-left:66.66666667%}.col-sm-offset-7{margin-left:58.33333333%}.col-sm-offset-6{margin-left:50%}.col-sm-offset-5{margin-left:41.66666667%}.col-sm-offset-4{margin-left:33.33333333%}.col-sm-offset-3{margin-left:25%}.col-sm-offset-2{margin-left:16.66666667%}.col-sm-offset-1{margin-left:8.33333333%}.col-sm-offset-0{margin-left:0}}@media (min-width:992px){.col-md-1,.col-md-10,.col-md-11,.col-md-12,.col-md-2,.col-md-3,.col-md-4,.col-md-5,.col-md-6,.col-md-7,.col-md-8,.col-md-9{float:left}.col-md-12{width:100%}.col-md-11{width:91.66666667%}.col-md-10{width:83.33333333%}.col-md-9{width:75%}.col-md-8{width:66.66666667%}.col-md-7{width:58.33333333%}.col-md-6{width:50%}.col-md-5{width:41.66666667%}.col-md-4{width:33.33333333%}.col-md-3{width:25%}.col-md-2{width:16.66666667%}.col-md-1{width:8.33333333%}.col-md-pull-12{right:100%}.col-md-pull-11{right:91.66666667%}.col-md-pull-10{right:83.33333333%}.col-md-pull-9{right:75%}.col-md-pull-8{right:66.66666667%}.col-md-pull-7{right:58.33333333%}.col-md-pull-6{right:50%}.col-md-pull-5{right:41.66666667%}.col-md-pull-4{right:33.33333333%}.col-md-pull-3{right:25%}.col-md-pull-2{right:16.66666667%}.col-md-pull-1{right:8.33333333%}.col-md-pull-0{right:auto}.col-md-push-12{left:100%}.col-md-push-11{left:91.66666667%}.col-md-push-10{left:83.33333333%}.col-md-push-9{left:75%}.col-md-push-8{left:66.66666667%}.col-md-push-7{left:58.33333333%}.col-md-push-6{left:50%}.col-md-push-5{left:41.66666667%}.col-md-push-4{left:33.33333333%}.col-md-push-3{left:25%}.col-md-push-2{left:16.66666667%}.col-md-push-1{left:8.33333333%}.col-md-push-0{left:auto}.col-md-offset-12{margin-left:100%}.col-md-offset-11{margin-left:91.66666667%}.col-md-offset-10{margin-left:83.33333333%}.col-md-offset-9{margin-left:75%}.col-md-offset-8{margin-left:66.66666667%}.col-md-offset-7{margin-left:58.33333333%}.col-md-offset-6{margin-left:50%}.col-md-offset-5{margin-left:41.66666667%}.col-md-offset-4{margin-left:33.33333333%}.col-md-offset-3{margin-left:25%}.col-md-offset-2{margin-left:16.66666667%}.col-md-offset-1{margin-left:8.33333333%}.col-md-offset-0{margin-left:0}}@media (min-width:1200px){.col-lg-1,.col-lg-10,.col-lg-11,.col-lg-12,.col-lg-2,.col-lg-3,.col-lg-4,.col-lg-5,.col-lg-6,.col-lg-7,.col-lg-8,.col-lg-9{float:left}.col-lg-12{width:100%}.col-lg-11{width:91.66666667%}.col-lg-10{width:83.33333333%}.col-lg-9{width:75%}.col-lg-8{width:66.66666667%}.col-lg-7{width:58.33333333%}.col-lg-6{width:50%}.col-lg-5{width:41.66666667%}.col-lg-4{width:33.33333333%}.col-lg-3{width:25%}.col-lg-2{width:16.66666667%}.col-lg-1{width:8.33333333%}.col-lg-pull-12{right:100%}.col-lg-pull-11{right:91.66666667%}.col-lg-pull-10{right:83.33333333%}.col-lg-pull-9{right:75%}.col-lg-pull-8{right:66.66666667%}.col-lg-pull-7{right:58.33333333%}.col-lg-pull-6{right:50%}.col-lg-pull-5{right:41.66666667%}.col-lg-pull-4{right:33.33333333%}.col-lg-pull-3{right:25%}.col-lg-pull-2{right:16.66666667%}.col-lg-pull-1{right:8.33333333%}.col-lg-pull-0{right:auto}.col-lg-push-12{left:100%}.col-lg-push-11{left:91.66666667%}.col-lg-push-10{left:83.33333333%}.col-lg-push-9{left:75%}.col-lg-push-8{left:66.66666667%}.col-lg-push-7{left:58.33333333%}.col-lg-push-6{left:50%}.col-lg-push-5{left:41.66666667%}.col-lg-push-4{left:33.33333333%}.col-lg-push-3{left:25%}.col-lg-push-2{left:16.66666667%}.col-lg-push-1{left:8.33333333%}.col-lg-push-0{left:auto}.col-lg-offset-12{margin-left:100%}.col-lg-offset-11{margin-left:91.66666667%}.col-lg-offset-10{margin-left:83.33333333%}.col-lg-offset-9{margin-left:75%}.col-lg-offset-8{margin-left:66.66666667%}.col-lg-offset-7{margin-left:58.33333333%}.col-lg-offset-6{margin-left:50%}.col-lg-offset-5{margin-left:41.66666667%}.col-lg-offset-4{margin-left:33.33333333%}.col-lg-offset-3{margin-left:25%}.col-lg-offset-2{margin-left:16.66666667%}.col-lg-offset-1{margin-left:8.33333333%}.col-lg-offset-0{margin-left:0}}\n</style>\n  <script src=\"https://code.jquery.com/jquery-1.11.1.min.js\" integrity=\"sha256-VAvG3sHdS5LqTT+5A/aeq/bZGa/Uj04xKxY8KM/w9EE=\" crossorigin=\"anonymous\"></script>\n</head>\n\n<body>\n  <div class=\"wrapper\">\n    <div class=\"container\">\n      <div class=\"description_box\">\n        <div id=\"selected-asset\" class=\"row\">\n        </div>\n        <button style=\"display: none\" id=\"choose-button\" class=\"btn cs-btn-primary button\">Choose Assets</button>\n        <button id=\"hide-button\" style=\"display: none\" class=\"btn cs-btn-primary button\">Hide Assets</button>\n        <div class=\"reference-loading\">\n          <div class=\"loading-flash\">\n            <div></div>\n            <div></div>\n            <div></div>\n            <div></div>\n          </div>\n        </div>\n      </div>\n      <!-- list section start  here -->\n      <div id=\"choose-asset-section\">\n        <div id=\"message-container\" class=\"invalid\"> No assets Found</div>\n        <ul id=\"asset-list\" class=\"row\">\n        </ul>\n        <button id=\"load-more-button\" style=\"display: none\" onclick=\"loadMore()\" class=\"btn cs-btn-primary\">Load\n          More</button>\n      </div>\n      <!-- list section ends  here -->\n    </div>\n  </div>\n  <script>\n\"use strict\";var _createClass=function(){function e(t,s){for(var i=0;i<s.length;i++){var e=s[i];e.enumerable=e.enumerable||!1,e.configurable=!0,\"value\"in e&&(e.writable=!0),Object.defineProperty(t,e.key,e)}}return function(t,s,i){return s&&e(t.prototype,s),i&&e(t,i),t}}();function _toConsumableArray(t){if(Array.isArray(t)){for(var s=0,i=Array(t.length);s<t.length;s++)i[s]=t[s];return i}return Array.from(t)}function _classCallCheck(t,s){if(!(t instanceof s))throw new TypeError(\"Cannot call a class as a function\")}var extensionField=void 0,loader=void 0,assetList=void 0,messageContainer=void 0,stack=void 0,previousQuery=void 0,loadMoreButton=void 0,searchInput=void 0,hideButton=void 0,chooseButton=void 0,assetListSection=void 0,initialResponse=void 0,currentAssetList=[],storedData=[],stackData=function(){function t(){_classCallCheck(this,t)}return _createClass(t,[{key:\"getAsset\",value:function(){var e=void 0;return new Promise(function(s,i){fetch(\"https://api.contentstack.io/v3/assets\",{method:\"GET\",headers:{api_key:extensionField.config.apiKey,authorization:extensionField.config.managementToken}}).then(function(t){return e=t.status,t.json()}).then(function(t){if(200===e)return s(t);throw Error(\"Failed to fetch\")}).catch(function(t){i(t)})})}}]),t}(),close=function(){hideButton.hide(),chooseButton.show(),assetListSection.hide()};$(\"body\").on(\"click\",\".mainDiv\",function(s){var i=void 0;storedData.map(function(t){t.uid===s.currentTarget.id&&(i=storedData.indexOf(t))}),storedData.splice(i,1),$(\"#\"+s.currentTarget.id).empty(),extensionField.field.setData(storedData)});var selectAsset=function(t){var s=t.map(function(t){return t.filename.includes(\".html\")?\"<div  id='\"+t.uid+'\\' class=\"col-xs-6 col-sm-4 col-md-3 mainDiv\"  title=\"'+t.title+'\"><li>\\n      <div class=\"img-wrapper\">\\n          <img class=\"thumbnail\"   src=\"https://image.flaticon.com/icons/svg/29/29104.svg\">\\n      </div>\\n      <span class=\"title truncate\">'+t.title+'</span>\\n      <span title=\"Remove asset\" id=\"close-button\">×</span>\\n  \\n  </li></div>':t.filename.includes(\".pdf\")?\"<div  id='\"+t.uid+'\\' class=\"col-xs-6 col-sm-4 col-md-3 mainDiv\"  title=\"'+t.title+'\"><li>\\n    <div class=\"img-wrapper\">\\n        <img class=\"thumbnail\" src=\"https://store-images.s-microsoft.com/image/apps.34961.13510798887621962.47b62c4c-a0c6-4e3c-87bb-509317d9c364.a6354b48-c68a-47fa-b69e-4cb592d42ffc?mode=scale&q=90&h=300&w=300\">\\n    </div>\\n    <span class=\"title truncate\">'+t.title+'</span>\\n    <span title=\"Remove asset\" id=\"close-button\">×</span>\\n\\n</li></div>':t.filename.includes(\".docx\")?\"<div  id='\"+t.uid+'\\' class=\"col-xs-6 col-sm-4 col-md-3 mainDiv\"  title=\"'+t.title+'\"><li>\\n  <div class=\"img-wrapper\">\\n      <img class=\"thumbnail\" src=\"https://upload.wikimedia.org/wikipedia/commons/f/fb/.docx_icon.svg\">\\n  </div>\\n  <span class=\"title truncate\">'+t.title+'</span>\\n  <span title=\"Remove asset\" id=\"close-button\">×</span>\\n\\n</li></div>':t.filename.includes(\".mp4\")?\"<div  id='\"+t.uid+'\\' class=\"col-xs-6 col-sm-4 col-md-3 mainDiv\"  title=\"'+t.title+'\"><li>\\n  <div class=\"img-wrapper\">\\n      <img class=\"thumbnail\" src=\"https://encrypted-tbn0.gstatic.com/images?q=tbn%3AANd9GcQLkjO4cDohEyT1VvMBaxs6EWcqKdw7Qz_pKA&usqp=CAU\">\\n  </div>\\n  <span class=\"title truncate\">'+t.title+'</span>\\n  <span title=\"Remove asset\" id=\"close-button\">×</span>\\n\\n</li></div>':t.filename.includes(\".xlsx\")?\"<div  id='\"+t.uid+'\\' class=\"col-xs-6 col-sm-4 col-md-3 mainDiv\"  title=\"'+t.title+'\"><li>\\n  <div class=\"img-wrapper\">\\n      <img class=\"thumbnail\" src=\"https://cdn4.iconfinder.com/data/icons/logos-and-brands/512/119_Excel_logo_logos-512.png\">\\n  </div>\\n  <span class=\"title truncate\">'+t.title+'</span>\\n  <span title=\"Remove asset\" id=\"close-button\">×</span>\\n\\n</li></div>':\"<div  id='\"+t.uid+'\\' class=\"col-xs-6 col-sm-4 col-md-3 mainDiv\"  title=\"'+t.title+'\"><li>\\n  <div class=\"img-wrapper\">\\n      <img class=\"thumbnail\" src='+t.url+'>\\n  </div>\\n  <span class=\"title truncate\">'+t.title+'</span>\\n  <span title=\"Remove asset\" id=\"close-button\">×</span>\\n\\n</li></div>'});$(\"#selected-asset\").html(s)},reset=function(){return previousQuery=\"\",assetList.empty(),currentAssetList=[],searchInput.val(\"\"),render(initialResponse)},domChangeListener=function(){$(\"#asset-list li\").click(function(s){var t=currentAssetList.find(function(t){return t.uid===s.currentTarget.id});storedData.push(t),extensionField.field.setData(storedData).then(function(){selectAsset(storedData),close()})})},displayMessage=function(){var t=0<arguments.length&&void 0!==arguments[0]?arguments[0]:\"No assets found\";messageContainer.text(t),messageContainer.show(),loader.hide()},render=function(t){var s;0===t.assets.length&&(console.log(\"empty\"),loader.hide(),assetList.empty(),displayMessage()),(s=currentAssetList).push.apply(s,_toConsumableArray(t.assets)),loader.hide(),0!=currentAssetList.length&&messageContainer.hide(),t.assets.map(function(t,s){return t.filename.includes(\".pdf\")?assetList.append('<li class=\"col-xs-6 col-sm-4 col-md-3\" title=\"'+t.title+'\"  id=\"'+t.uid+'\">\\n      <div class=\"box\">\\n      <div class=\"img-wrapper\">\\n        <img class=\"thumbnail\" src=\"https://store-images.s-microsoft.com/image/apps.34961.13510798887621962.47b62c4c-a0c6-4e3c-87bb-509317d9c364.a6354b48-c68a-47fa-b69e-4cb592d42ffc?mode=scale&q=90&h=300&w=300\" alt=\"image-6\"> \\n      </div>\\n      <span class=\"title truncate\">'+t.title+\"</span>\\n      </div>\\n      \\n    </li>\"):t.filename.includes(\".docx\")?assetList.append('<li class=\"col-xs-6 col-sm-4 col-md-3\" title=\"'+t.title+'\"  id=\"'+t.uid+'\">\\n                              <div class=\"box\">\\n                              <div class=\"img-wrapper\">\\n                                <img class=\"thumbnail\" src=\"https://upload.wikimedia.org/wikipedia/commons/f/fb/.docx_icon.svg\" alt=\"image-6\"> \\n                              </div>\\n                              <span class=\"title truncate\">'+t.title+\"</span>\\n                              </div>\\n                          </li>\"):t.filename.includes(\".mp4\")?assetList.append('<li class=\"col-xs-6 col-sm-4 col-md-3\" title=\"'+t.title+'\"  id=\"'+t.uid+'\">\\n      <div class=\"box\">\\n      <div class=\"img-wrapper\">\\n        <img class=\"thumbnail\" src=\"https://encrypted-tbn0.gstatic.com/images?q=tbn%3AANd9GcQLkjO4cDohEyT1VvMBaxs6EWcqKdw7Qz_pKA&usqp=CAU\" alt=\"image-6\"> \\n      </div>\\n      <span class=\"title truncate\">'+t.title+\"</span>\\n      </div>\\n  </li>\"):t.filename.includes(\".html\")?assetList.append('<li class=\"col-xs-6 col-sm-4 col-md-3\" title=\"'+t.title+'\"  id=\"'+t.uid+'\">\\n    <div class=\"box\">\\n    <div class=\"img-wrapper\">\\n      <img class=\"thumbnail\" src=\"https://image.flaticon.com/icons/svg/29/29104.svg\" alt=\"image-6\"> \\n    </div>\\n    <span class=\"title truncate\">'+t.title+\"</span>\\n    </div>\\n</li>\"):t.filename.includes(\".xlsx\")?assetList.append('<li class=\"col-xs-6 col-sm-4 col-md-3\" title=\"'+t.title+'\"  id=\"'+t.uid+'\">\\n      <div class=\"box\">\\n      <div class=\"img-wrapper\">\\n        <img class=\"thumbnail\" src=\"https://cdn4.iconfinder.com/data/icons/logos-and-brands/512/119_Excel_logo_logos-512.png\" alt=\"image-6\"> \\n      </div>\\n      <span class=\"title truncate\">'+t.title+\"</span>\\n      </div>\\n  </li>\"):void assetList.append('<li class=\"col-xs-6 col-sm-4 col-md-3\" title=\"'+t.title+'\"  id=\"'+t.uid+'\">\\n    <div class=\"box\">\\n    <div class=\"img-wrapper\">\\n      <img class=\"thumbnail\" src=\"'+t.url+'\" alt=\"image-6\"> \\n    </div>\\n    <span class=\"title truncate\">'+t.title+\"</span>\\n    </div>\\n</li>\")}),domChangeListener()},initializeAssetList=function(){messageContainer=$(\"#message-container\"),loader=$(\".reference-loading\"),assetList=$(\"#asset-list\"),assetListSection=$(\"#choose-asset-section\"),(stack=new stackData(extensionField.config)).getAsset().then(function(t){render(initialResponse=t),chooseButton.show()}).catch(function(t){console.log(t)})},initializeButtons=function(){loadMoreButton=$(\"#load-more-button\"),searchInput=$(\"#search-input\"),hideButton=$(\"#hide-button\"),(chooseButton=$(\"#choose-button\")).click(function(){hideButton.show(),chooseButton.hide(),assetListSection.show(),reset()}),hideButton.click(close)};$(document).ready(function(){ContentstackUIExtension.init().then(function(t){(extensionField=t).window.enableAutoResizing();var s=extensionField.field.getData();storedData=extensionField.field.getData(),s&&!$.isEmptyObject(s)&&selectAsset(s),initializeAssetList(),initializeButtons()})});\n</script>\n</body>\n\n</html>"}}