[{"uid":"blt7d9356b370cd9c57","content_type":"image/jpeg","file_size":"265058","tags":[],"filename":"travel-blog-2.jpg","url":"https://images.contentstack.io/v3/assets/blt17537f14dafb140d/blt7d9356b370cd9c57/5f71cdb772a0163a5b82b467/travel-blog-2.jpg","ACL":{},"is_dir":false,"parent_uid":null,"_version":1,"title":"travel-blog-2.jpg","publish_details":[{"environment":"blt17d583b2bd1905a0","locale":"en-us","time":"2020-09-28T11:49:37.928Z","user":"bltf01cfddcefa2394d","version":1},{"environment":"bltfca2e86ddd2fca9e","locale":"en-us","time":"2020-10-06T13:08:42.645Z","user":"bltf01cfddcefa2394d","version":1}]}]