{"created_at":"2020-06-19T08:35:12.066Z","updated_at":"2020-09-15T12:54:59.232Z","title":"Blog Posts","uid":"blog_posts","_version":6,"inbuilt_class":false,"schema":[{"display_name":"Title","uid":"title","data_type":"text","mandatory":true,"unique":true,"field_metadata":{"_default":true,"version":3},"multiple":false,"non_localizable":false},{"display_name":"URL","uid":"url","data_type":"text","mandatory":false,"field_metadata":{"_default":true,"version":3},"multiple":false,"unique":false,"non_localizable":false},{"data_type":"reference","display_name":"Header","reference_to":["header"],"field_metadata":{"ref_multiple":false,"ref_multiple_content_types":true},"uid":"header","multiple":false,"mandatory":false,"unique":false,"non_localizable":false},{"data_type":"global_field","display_name":"SEO","reference_to":"seo","field_metadata":{"description":""},"uid":"seo","multiple":false,"mandatory":false,"unique":false,"non_localizable":false},{"data_type":"blocks","display_name":"Hero Banner","blocks":[{"title":"Banner with desc","uid":"banner_with_desc","schema":[{"data_type":"text","display_name":"Title","uid":"title","field_metadata":{"description":"","default_value":"","version":3},"format":"","error_messages":{"format":""},"non_localizable":false,"multiple":false,"mandatory":false,"unique":false},{"data_type":"text","display_name":"Description","uid":"description","field_metadata":{"description":"","default_value":"","multiline":true,"version":3},"format":"","error_messages":{"format":""},"non_localizable":false,"multiple":false,"mandatory":false,"unique":false},{"data_type":"file","display_name":"Banner Image","uid":"banner_image","extensions":[],"field_metadata":{"description":"","rich_text_type":"standard"},"non_localizable":false,"multiple":false,"mandatory":false,"unique":false}]},{"title":"Banner title only","uid":"banner_title_only","schema":[{"data_type":"text","display_name":"Title","uid":"title","field_metadata":{"description":"","default_value":"","version":3},"format":"","error_messages":{"format":""},"non_localizable":false,"multiple":false,"mandatory":false,"unique":false},{"data_type":"file","display_name":"Image","uid":"image","extensions":[],"field_metadata":{"description":"","rich_text_type":"standard"},"non_localizable":false,"multiple":false,"mandatory":false,"unique":false}]}],"multiple":true,"uid":"hero_banner","field_metadata":{},"mandatory":false,"unique":false,"non_localizable":false},{"data_type":"blocks","display_name":"Blogs","blocks":[{"title":"Blog Post Page","uid":"blog_post_page","schema":[{"data_type":"blocks","display_name":"Blog Post","blocks":[{"title":"Blog Content","uid":"blog_content","schema":[{"data_type":"text","display_name":"Blog Post Content","uid":"blog_post_content","field_metadata":{"allow_rich_text":true,"description":"","multiline":false,"rich_text_type":"advanced","options":[],"version":3},"non_localizable":false,"multiple":false,"mandatory":false,"unique":false}]},{"title":"Blog Quotes","uid":"blog_quotes","schema":[{"data_type":"text","display_name":"Quote","uid":"quote","field_metadata":{"allow_rich_text":true,"description":"","multiline":false,"rich_text_type":"advanced","options":[],"version":3},"non_localizable":false,"multiple":false,"mandatory":false,"unique":false},{"data_type":"text","display_name":"Quote author","uid":"quote_author","field_metadata":{"description":"","default_value":"","version":3},"format":"","error_messages":{"format":""},"non_localizable":false,"multiple":false,"mandatory":false,"unique":false}]},{"title":"Image Carousel","uid":"image_carousel","schema":[{"data_type":"file","display_name":"Image","uid":"image","extensions":[],"field_metadata":{"description":"","rich_text_type":"standard"},"non_localizable":false,"multiple":true,"mandatory":false,"unique":false}]},{"title":"Social Network Embed","uid":"social_network_embed","schema":[{"data_type":"text","display_name":"Embed Code","uid":"embed_code","field_metadata":{"allow_rich_text":true,"description":"","multiline":false,"rich_text_type":"advanced","options":[],"version":3},"non_localizable":false,"multiple":true,"mandatory":false,"unique":false}]}],"multiple":true,"uid":"blog_post","field_metadata":{},"mandatory":false,"unique":false,"non_localizable":false}]},{"title":"Blog List","uid":"blog_list","schema":[{"data_type":"file","display_name":"Blog Image","uid":"blog_image","extensions":[],"field_metadata":{"description":"","rich_text_type":"standard"},"non_localizable":false,"multiple":false,"mandatory":false,"unique":false},{"data_type":"text","display_name":"Blog Details","uid":"blog_details","field_metadata":{"allow_rich_text":true,"description":"","multiline":false,"rich_text_type":"advanced","options":[],"version":3},"non_localizable":false,"multiple":false,"mandatory":false,"unique":false},{"data_type":"link","display_name":"CTA","uid":"cta","field_metadata":{"description":"","default_value":{"title":"","url":""}},"non_localizable":false,"multiple":false,"mandatory":false,"unique":false}]}],"multiple":true,"uid":"modular_blocks","field_metadata":{},"mandatory":false,"unique":false,"non_localizable":false},{"data_type":"reference","display_name":"Footer","reference_to":["footer"],"field_metadata":{"ref_multiple":false,"ref_multiple_content_types":true},"uid":"footer","multiple":false,"mandatory":false,"unique":false,"non_localizable":false}],"last_activity":{"environments":[{"uid":"blt17d583b2bd1905a0","details":[{"locale":"en-us","time":"2020-06-23T09:33:09.010Z"}]}]},"maintain_revisions":true,"description":"","DEFAULT_ACL":[{"k":"others","v":{"read":false,"create":false}},{"k":"users.bltfdc9175757772a7f","v":{"read":true,"sub_acl":{"read":true}}}],"SYS_ACL":{"roles":[]},"options":{"is_page":true,"singleton":false,"title":"title","sub_title":[],"url_pattern":"/:title","url_prefix":"/"},"abilities":{"get_one_object":true,"get_all_objects":true,"create_object":true,"update_object":true,"delete_object":true,"delete_all_objects":true}}