{"created_at":"2020-09-14T05:31:40.499Z","updated_at":"2020-09-14T05:41:18.099Z","title":"Header","uid":"header","_version":5,"inbuilt_class":false,"schema":[{"display_name":"Header","uid":"title","data_type":"text","mandatory":true,"unique":true,"field_metadata":{"_default":true,"version":3},"multiple":false,"non_localizable":false},{"data_type":"group","display_name":"Menu","field_metadata":{},"schema":[{"data_type":"link","display_name":"Link","uid":"link","field_metadata":{"description":"","default_value":{"title":"","url":""}},"multiple":false,"mandatory":false,"unique":false,"non_localizable":false}],"uid":"menu","multiple":true,"mandatory":false,"unique":false,"non_localizable":false}],"last_activity":{},"maintain_revisions":true,"description":"","DEFAULT_ACL":[{"k":"others","v":{"read":false,"create":false}},{"k":"users.bltfdc9175757772a7f","v":{"read":true,"sub_acl":{"read":true}}}],"SYS_ACL":{"roles":[]},"options":{"is_page":false,"singleton":true,"title":"title","sub_title":[]},"abilities":{"get_one_object":true,"get_all_objects":true,"create_object":true,"update_object":true,"delete_object":true,"delete_all_objects":true}}