{"created_at":"2020-09-14T05:23:16.691Z","updated_at":"2020-09-15T07:46:28.096Z","title":"Home","uid":"home","_version":5,"inbuilt_class":false,"schema":[{"display_name":"Title","uid":"title","data_type":"text","mandatory":true,"unique":true,"field_metadata":{"_default":true,"version":3},"multiple":false,"non_localizable":false},{"display_name":"URL","uid":"url","data_type":"text","mandatory":true,"field_metadata":{"_default":true,"version":3},"multiple":false,"unique":false,"non_localizable":false},{"data_type":"reference","display_name":"Header","reference_to":["header"],"field_metadata":{"ref_multiple":false,"ref_multiple_content_types":true},"uid":"header","multiple":false,"mandatory":false,"unique":false,"non_localizable":false},{"data_type":"global_field","display_name":"SEO","reference_to":"seo","field_metadata":{"description":""},"uid":"seo","multiple":false,"mandatory":false,"unique":false,"non_localizable":false},{"data_type":"file","display_name":"Banner","uid":"banner","extensions":[],"field_metadata":{"description":"","rich_text_type":"standard","image":true},"dimension":{"width":{"min":null,"max":null},"height":{"min":null,"max":null}},"multiple":false,"mandatory":false,"unique":false,"non_localizable":false},{"data_type":"text","display_name":"Banner Description","uid":"banner_description","field_metadata":{"description":"","default_value":"","multiline":true,"version":3},"format":"","error_messages":{"format":""},"multiple":false,"mandatory":false,"unique":false,"non_localizable":false},{"data_type":"group","display_name":"Group","field_metadata":{},"schema":[{"data_type":"text","display_name":"Title","uid":"title","field_metadata":{"description":"","default_value":"","version":3},"format":"","error_messages":{"format":""},"multiple":false,"mandatory":false,"unique":false,"non_localizable":false},{"data_type":"text","display_name":"Description","uid":"description","field_metadata":{"allow_rich_text":true,"description":"","multiline":false,"rich_text_type":"advanced","options":[],"version":3},"multiple":false,"mandatory":false,"unique":false,"non_localizable":false}],"uid":"group","multiple":true,"mandatory":false,"unique":false,"non_localizable":false},{"data_type":"reference","display_name":"Footer","reference_to":["footer"],"field_metadata":{"ref_multiple":false,"ref_multiple_content_types":true},"uid":"footer","multiple":false,"mandatory":false,"unique":false,"non_localizable":false}],"last_activity":{},"maintain_revisions":true,"description":"","DEFAULT_ACL":[{"k":"others","v":{"read":false,"create":false}},{"k":"users.bltfdc9175757772a7f","v":{"read":true,"sub_acl":{"read":true}}}],"SYS_ACL":{"roles":[]},"options":{"is_page":true,"singleton":true,"title":"title","sub_title":[]},"abilities":{"get_one_object":true,"get_all_objects":true,"create_object":true,"update_object":true,"delete_object":true,"delete_all_objects":true}}