[{"uid":"blt8a68a48b8afb5a74","content_type":"image/jpeg","file_size":"253305","tags":[],"filename":"gaming2.jpg","url":"https://images.contentstack.io/v3/assets/blt17537f14dafb140d/blt8a68a48b8afb5a74/5f71cc0f175fa54fb08fbe95/gaming2.jpg","ACL":{},"is_dir":false,"_version":1,"title":"gaming2.jpg","publish_details":[{"environment":"blt17d583b2bd1905a0","locale":"en-us","time":"2020-09-28T11:44:33.882Z","user":"bltf01cfddcefa2394d","version":1},{"environment":"bltfca2e86ddd2fca9e","locale":"en-us","time":"2020-10-06T13:08:42.645Z","user":"bltf01cfddcefa2394d","version":1}]}]