[{"uid":"blte85a1927da0e6b4a","content_type":"image/jpeg","file_size":"4084426","tags":[],"filename":"foodBlog_post.jpg","url":"https://images.contentstack.io/v3/assets/blt17537f14dafb140d/blte85a1927da0e6b4a/5ef03e8a6b547b2c37e3b4ea/foodBlog_post.jpg","ACL":{},"is_dir":false,"parent_uid":null,"_version":1,"title":"foodBlog_post.jpg","publish_details":[{"environment":"blt17d583b2bd1905a0","locale":"en-us","time":"2020-08-27T11:21:28.486Z","user":"bltf01cfddcefa2394d","version":2}]},{"uid":"blte85a1927da0e6b4a","content_type":"image/jpeg","file_size":"1697671","tags":[],"filename":"foodBlog_post-compressed.jpg","url":"https://images.contentstack.io/v3/assets/blt17537f14dafb140d/blte85a1927da0e6b4a/5f479735ba13f249213fc086/foodBlog_post-compressed.jpg","ACL":{},"is_dir":false,"parent_uid":null,"_version":2,"title":"foodBlog_post.jpg","description":"","publish_details":[{"environment":"blt17d583b2bd1905a0","locale":"en-us","time":"2020-08-27T11:21:28.486Z","user":"bltf01cfddcefa2394d","version":2}]}]