[{"title":"SEO","uid":"seo","schema":[{"data_type":"text","display_name":"Meta Title","uid":"meta_title","field_metadata":{"description":"","default_value":"","version":3},"format":"","error_messages":{"format":""},"multiple":false,"mandatory":false,"unique":false,"non_localizable":false},{"data_type":"text","display_name":"Description","uid":"description","field_metadata":{"description":"","default_value":"","multiline":true,"version":3},"format":"","error_messages":{"format":""},"multiple":false,"mandatory":false,"unique":false,"non_localizable":false},{"data_type":"text","display_name":"Keywords","uid":"keywords","field_metadata":{"description":"","default_value":"","version":3},"format":"","error_messages":{"format":""},"multiple":false,"mandatory":false,"unique":false,"non_localizable":false}],"description":""}]