{"_version":6,"locale":"en-us","uid":"blt424b0ef6cad7127d","_in_progress":false,"created_at":"2020-06-19T08:48:20.391Z","created_by":"bltf01cfddcefa2394d","footer":[{"uid":"blt6cc97a7729db28ca","_content_type_uid":"footer"}],"header":[{"uid":"blt33151368f4f9fcfb","_content_type_uid":"header"}],"hero_banner":[{"banner_title_only":{"title":"Blog posts","image":{"uid":"blt68af718bc027ad67","created_at":"2020-06-19T08:53:29.790Z","updated_at":"2020-08-27T11:25:03.313Z","created_by":"bltf01cfddcefa2394d","updated_by":"bltf01cfddcefa2394d","content_type":"image/jpeg","file_size":"2095858","tags":[],"filename":"Blog_banner-compressed.jpg","url":"https://images.contentstack.io/v3/assets/blt17537f14dafb140d/blt68af718bc027ad67/5f47980fa5031b4a3bba932a/Blog_banner-compressed.jpg","ACL":[],"is_dir":false,"parent_uid":null,"_version":2,"title":"Blog_banner.jpg","description":""}}}],"modular_blocks":[{"blog_list":{"blog_image":{"uid":"bltb6dc1df6439ff2a4","created_at":"2020-06-19T08:48:43.265Z","updated_at":"2020-06-19T08:48:43.265Z","created_by":"bltf01cfddcefa2394d","updated_by":"bltf01cfddcefa2394d","content_type":"image/jpeg","file_size":"651231","tags":[],"filename":"travel_blog.jpg","url":"https://images.contentstack.io/v3/assets/blt17537f14dafb140d/bltb6dc1df6439ff2a4/5eec7beb34f8f30c7cfb31ee/travel_blog.jpg","ACL":[],"is_dir":false,"parent_uid":null,"_version":1,"title":"travel_blog.jpg"},"blog_details":"<h4>Travel Blog</h4>\n<p><strong>Author</strong>: David</p>\n<p><strong>Summary</strong>: Lorem ipsum dolor sit amet, consectetur adipiscing elit, sed do eiusmod tempor incididunt ut labore et dolore magna aliqua. Neque sodales ut etiam sit. Vestibulum sed arcu non odio euismod lacinia at</p>","cta":{"title":"readmore","href":"/travel-blog"}}},{"blog_list":{"blog_image":{"uid":"blte2f009f172e5b219","created_at":"2020-06-19T08:48:44.112Z","updated_at":"2020-06-19T08:48:44.112Z","created_by":"bltf01cfddcefa2394d","updated_by":"bltf01cfddcefa2394d","content_type":"image/jpeg","file_size":"705859","tags":[],"filename":"food_blog.jpg","url":"https://images.contentstack.io/v3/assets/blt17537f14dafb140d/blte2f009f172e5b219/5eec7bec43f6b42a02432a89/food_blog.jpg","ACL":[],"is_dir":false,"parent_uid":null,"_version":1,"title":"food_blog.jpg"},"blog_details":"<h4>Food Blog</h4>\n<p><strong>Author</strong>:&nbsp;William</p>\n<p><strong>Summary</strong>: Lorem ipsum dolor sit amet, consectetur adipiscing elit, sed do eiusmod tempor incididunt ut labore et dolore magna aliqua. Neque sodales ut etiam sit. Vestibulum sed arcu non odio euismod lacinia at</p>","cta":{"title":"readmore","href":"/food-blog"}}},{"blog_list":{"blog_image":{"uid":"blt92b37095fe2da0d3","created_at":"2020-06-19T08:48:47.139Z","updated_at":"2020-06-19T08:48:47.139Z","created_by":"bltf01cfddcefa2394d","updated_by":"bltf01cfddcefa2394d","content_type":"image/jpeg","file_size":"1004969","tags":[],"filename":"technology.jpg","url":"https://images.contentstack.io/v3/assets/blt17537f14dafb140d/blt92b37095fe2da0d3/5eec7bef1f2ce66076804f65/technology.jpg","ACL":[],"is_dir":false,"parent_uid":null,"_version":1,"title":"technology.jpg"},"blog_details":"<h4>Science and Technology&nbsp;Blog</h4>\n<p><strong>Author</strong>:&nbsp;Lucas</p>\n<p><strong>Summary</strong>: Lorem ipsum dolor sit amet, consectetur adipiscing elit, sed do eiusmod tempor incididunt ut labore et dolore magna aliqua. Neque sodales ut etiam sit. Vestibulum sed arcu non odio euismod lacinia at</p>","cta":{"title":"readmore","href":"/science-and-technology-blog"}}},{"blog_list":{"blog_image":{"uid":"blt293b10679ec9610b","created_at":"2020-06-19T08:48:51.795Z","updated_at":"2020-08-27T11:26:10.091Z","created_by":"bltf01cfddcefa2394d","updated_by":"bltf01cfddcefa2394d","content_type":"image/jpeg","file_size":"657753","tags":[],"filename":"sports-compressed.jpg","url":"https://images.contentstack.io/v3/assets/blt17537f14dafb140d/blt293b10679ec9610b/5f4798522a722a66860bdfb6/sports-compressed.jpg","ACL":[],"is_dir":false,"parent_uid":null,"_version":2,"title":"sports.jpg","description":""},"blog_details":"<h4>Sports Blog</h4>\n<p><strong>Author</strong>: Logan</p>\n<p><strong>Summary</strong>: Lorem ipsum dolor sit amet, consectetur adipiscing elit, sed do eiusmod tempor incididunt ut labore et dolore magna aliqua. Neque sodales ut etiam sit. Vestibulum sed arcu non odio euismod lacinia at</p>","cta":{"title":"readmore","href":"/sports-blog"}}},{"blog_list":{"blog_image":{"uid":"blt7a69c0bfd4b00578","created_at":"2020-06-19T08:48:57.769Z","updated_at":"2020-08-27T11:25:41.046Z","created_by":"bltf01cfddcefa2394d","updated_by":"bltf01cfddcefa2394d","content_type":"image/jpeg","file_size":"998228","tags":[],"filename":"gaming-compressed.jpg","url":"https://images.contentstack.io/v3/assets/blt17537f14dafb140d/blt7a69c0bfd4b00578/5f479835a11538653ea5878b/gaming-compressed.jpg","ACL":[],"is_dir":false,"parent_uid":null,"_version":2,"title":"gaming.jpg","description":""},"blog_details":"<h4>Gaming Blog</h4>\n<p><strong>Author</strong>: Ethan</p>\n<p><strong>Summary</strong>: Lorem ipsum dolor sit amet, consectetur adipiscing elit, sed do eiusmod tempor incididunt ut labore et dolore magna aliqua. Neque sodales ut etiam sit. Vestibulum sed arcu non odio euismod lacinia at</p>","cta":{"title":"readmore","href":"/gaming-blog"}}},{"blog_list":{"blog_image":{"uid":"bltf9988781de12bdad","created_at":"2020-06-19T08:48:38.712Z","updated_at":"2020-06-19T08:48:38.712Z","created_by":"bltf01cfddcefa2394d","updated_by":"bltf01cfddcefa2394d","content_type":"image/jpeg","file_size":"381195","tags":[],"filename":"education.jpg","url":"https://images.contentstack.io/v3/assets/blt17537f14dafb140d/bltf9988781de12bdad/5eec7be6688c1c62a49aeadd/education.jpg","ACL":[],"is_dir":false,"parent_uid":null,"_version":1,"title":"education.jpg"},"blog_details":"<h4>Educational Blog</h4>\n<p><strong>Author</strong>: Henry</p>\n<p><strong>Summary</strong>: Lorem ipsum dolor sit amet, consectetur adipiscing elit, sed do eiusmod tempor incididunt ut labore et dolore magna aliqua. Neque sodales ut etiam sit. Vestibulum sed arcu non odio euismod lacinia at</p>","cta":{"title":"readmore","href":"/educational-blog"}}}],"seo":{"description":"Contains lists of blogs that user can visits","keywords":"blogs","meta_title":"Blogs"},"tags":[],"title":"Blog List","updated_at":"2020-09-16T11:35:04.555Z","updated_by":"bltf01cfddcefa2394d","url":"/blog-list"}