[{"uid":"blt0c34f28be07b257d","content_type":"image/jpeg","file_size":"301820","tags":[],"filename":"gaming1.jpg","url":"https://images.contentstack.io/v3/assets/blt17537f14dafb140d/blt0c34f28be07b257d/5f71cbc81c1c533ba55d621d/gaming1.jpg","ACL":{},"is_dir":false,"_version":1,"title":"gaming1.jpg","publish_details":[{"environment":"blt17d583b2bd1905a0","locale":"en-us","time":"2020-09-28T11:44:33.882Z","user":"bltf01cfddcefa2394d","version":1},{"environment":"bltfca2e86ddd2fca9e","locale":"en-us","time":"2020-10-06T13:08:42.645Z","user":"bltf01cfddcefa2394d","version":1}]}]