{"title":"Gaming Blog","url":"/gaming-blog","hero_banner":[{"banner_title_only":{"title":"Gamesters","image":{"uid":"blt7a69c0bfd4b00578","created_at":"2020-06-19T08:48:57.769Z","updated_at":"2020-06-19T08:48:57.769Z","created_by":"bltf01cfddcefa2394d","updated_by":"bltf01cfddcefa2394d","content_type":"image/jpeg","file_size":"4821965","tags":[],"filename":"gaming.jpg","url":"https://images.contentstack.io/v3/assets/blt17537f14dafb140d/blt7a69c0bfd4b00578/5eec7bf97bcaf625d820ee89/gaming.jpg","ACL":[],"is_dir":false,"parent_uid":null,"_version":1,"title":"gaming.jpg"}}}],"modular_blocks":[{"blog_post_page":{"blog_post":[{"blog_content":{"blog_post_content":"<p>Lorem ipsum dolor sit amet, consectetur adipiscing elit, sed do eiusmod tempor incididunt ut labore et dolore magna aliqua. Velit laoreet id donec ultrices tincidunt arcu non sodales. Dictum fusce ut placerat orci. Sed tempus urna et pharetra pharetra. Porta nibh venenatis cras sed felis eget velit aliquet sagittis. Eu consequat ac felis donec et odio pellentesque. Facilisi nullam vehicula ipsum a arcu cursus vitae. Viverra suspendisse potenti nullam ac. Venenatis lectus magna fringilla urna porttitor rhoncus dolor purus non. Et odio pellentesque diam volutpat commodo sed egestas egestas. Diam vel quam elementum pulvinar etiam non quam. Eget magna fermentum iaculis eu non diam phasellus vestibulum. Leo integer malesuada nunc vel risus. Tempus iaculis urna id volutpat lacus laoreet. Cursus in hac habitasse platea dictumst. Lectus vestibulum mattis ullamcorper velit sed. Aliquam faucibus purus in massa. Ullamcorper sit amet risus nullam eget. Scelerisque varius morbi enim nunc faucibus a pellentesque.</p>\n<p>Rutrum tellus pellentesque eu tincidunt tortor. Pharetra massa massa ultricies mi quis hendrerit dolor magna eget. Sed faucibus turpis in eu mi bibendum neque egestas. Eu scelerisque felis imperdiet proin fermentum leo vel orci porta. Elit sed vulputate mi sit amet mauris commodo quis imperdiet. Faucibus scelerisque eleifend donec pretium. Nunc eget lorem dolor sed viverra ipsum nunc. Blandit aliquam etiam erat velit scelerisque in. Sed turpis tincidunt id aliquet risus feugiat. Gravida in fermentum et sollicitudin ac orci phasellus. Turpis nunc eget lorem dolor sed viverra ipsum. Dui accumsan sit amet nulla.</p>"}},{"image_carousel":{"image":[{"uid":"bltb2efabbaf48cb7eb","created_at":"2020-06-22T07:13:29.991Z","updated_at":"2020-06-22T07:13:29.991Z","created_by":"bltf01cfddcefa2394d","updated_by":"bltf01cfddcefa2394d","content_type":"image/jpeg","file_size":"3213924","tags":[],"filename":"gaming1.jpg","url":"https://images.contentstack.io/v3/assets/blt17537f14dafb140d/bltb2efabbaf48cb7eb/5ef05a19464b61607c65f606/gaming1.jpg","ACL":[],"is_dir":false,"parent_uid":null,"_version":1,"title":"gaming1.jpg"},{"uid":"blta6682402be17b022","created_at":"2020-06-22T07:13:15.218Z","updated_at":"2020-06-22T07:13:15.218Z","created_by":"bltf01cfddcefa2394d","updated_by":"bltf01cfddcefa2394d","content_type":"image/jpeg","file_size":"669079","tags":[],"filename":"gaming2.jpg","url":"https://images.contentstack.io/v3/assets/blt17537f14dafb140d/blta6682402be17b022/5ef05a0b6b547b2c37e3b53c/gaming2.jpg","ACL":[],"is_dir":false,"parent_uid":null,"_version":1,"title":"gaming2.jpg"},{"uid":"blt9cf6b7d587d7792c","created_at":"2020-06-22T07:13:24.485Z","updated_at":"2020-06-22T07:13:24.485Z","created_by":"bltf01cfddcefa2394d","updated_by":"bltf01cfddcefa2394d","content_type":"image/jpeg","file_size":"1745654","tags":[],"filename":"gaming3.jpg","url":"https://images.contentstack.io/v3/assets/blt17537f14dafb140d/blt9cf6b7d587d7792c/5ef05a141f2ce66076805414/gaming3.jpg","ACL":[],"is_dir":false,"parent_uid":null,"_version":1,"title":"gaming3.jpg"},{"uid":"blt1442382fac512388","created_at":"2020-06-22T07:13:24.631Z","updated_at":"2020-06-22T07:40:24.687Z","created_by":"bltf01cfddcefa2394d","updated_by":"bltf01cfddcefa2394d","content_type":"image/jpeg","file_size":"1043805","tags":[],"filename":"arcade-buttons-computer-design-371924.jpg","url":"https://images.contentstack.io/v3/assets/blt17537f14dafb140d/blt1442382fac512388/5ef06068293eef25d2b6f108/arcade-buttons-computer-design-371924.jpg","ACL":[],"is_dir":false,"parent_uid":null,"_version":2,"title":"gaming4.jpg","description":""},{"uid":"blt7c912b08407e97ff","created_at":"2020-06-22T07:13:26.442Z","updated_at":"2020-06-22T07:13:26.442Z","created_by":"bltf01cfddcefa2394d","updated_by":"bltf01cfddcefa2394d","content_type":"image/jpeg","file_size":"2122292","tags":[],"filename":"gaming5.jpg","url":"https://images.contentstack.io/v3/assets/blt17537f14dafb140d/blt7c912b08407e97ff/5ef05a16464b61607c65f602/gaming5.jpg","ACL":[],"is_dir":false,"parent_uid":null,"_version":1,"title":"gaming5.jpg"},{"uid":"bltb29dbbeaed21307f","created_at":"2020-06-22T07:13:33.317Z","updated_at":"2020-06-22T07:39:24.483Z","created_by":"bltf01cfddcefa2394d","updated_by":"bltf01cfddcefa2394d","content_type":"image/jpeg","file_size":"3381903","tags":[],"filename":"focus-photo-of-super-mario-luigi-and-yoshi-figurines-163036_(1).jpg","url":"https://images.contentstack.io/v3/assets/blt17537f14dafb140d/bltb29dbbeaed21307f/5ef0602c6b547b2c37e3b55c/focus-photo-of-super-mario-luigi-and-yoshi-figurines-163036_(1).jpg","ACL":[],"is_dir":false,"parent_uid":null,"_version":2,"title":"gaming6.jpg","description":""}]}},{"blog_content":{"blog_post_content":"<p>Dignissim diam quis enim lobortis. Ultrices neque ornare aenean euismod elementum nisi. Quis lectus nulla at volutpat diam ut venenatis. Pellentesque pulvinar pellentesque habitant morbi tristique senectus et. Turpis in eu mi bibendum neque egestas congue. Dolor sit amet consectetur adipiscing elit ut. Facilisis sed odio morbi quis. Pellentesque dignissim enim sit amet venenatis urna cursus. Congue nisi vitae suscipit tellus mauris a diam maecenas sed. Id nibh tortor id aliquet lectus proin nibh. Consectetur libero id faucibus nisl. Dui faucibus in ornare quam viverra orci. Convallis posuere morbi leo urna molestie. Amet consectetur adipiscing elit pellentesque habitant morbi tristique.</p>\n<p>Nunc eget lorem dolor sed viverra ipsum. Lorem ipsum dolor sit amet consectetur adipiscing. Cursus sit amet dictum sit amet justo donec enim diam. Urna molestie at elementum eu facilisis. Enim facilisis gravida neque convallis a cras semper. Gravida rutrum quisque non tellus orci ac auctor. Sit amet nulla facilisi morbi tempus iaculis. Pretium quam vulputate dignissim suspendisse in est ante in nibh. Pellentesque dignissim enim sit amet venenatis urna cursus eget. Sollicitudin ac orci phasellus egestas tellus.<br></p>\n<p>Quisque id diam vel quam elementum pulvinar etiam non. Nullam eget felis eget nunc. Justo laoreet sit amet cursus. Amet consectetur adipiscing elit ut aliquam purus sit amet luctus. Aliquam faucibus purus in massa tempor nec feugiat nisl. Viverra orci sagittis eu volutpat odio facilisis mauris. Turpis massa tincidunt dui ut ornare. Ipsum dolor sit amet consectetur adipiscing elit ut. Felis eget nunc lobortis mattis aliquam faucibus. Aliquet enim tortor at auctor urna nunc. Varius morbi enim nunc faucibus a. Auctor augue mauris augue neque gravida in. Ut enim blandit volutpat maecenas volutpat. Amet risus nullam eget felis eget nunc lobortis. Et ligula ullamcorper malesuada proin. Facilisi cras fermentum odio eu feugiat pretium nibh ipsum consequat.</p>"}}]}}],"tags":[],"locale":"en-us","uid":"blt331cbeb18f12429f","created_by":"bltf01cfddcefa2394d","updated_by":"bltf01cfddcefa2394d","created_at":"2020-06-22T06:20:41.284Z","updated_at":"2020-06-22T07:15:45.242Z","_version":2,"_in_progress":false}