{"_version":2,"locale":"en-us","uid":"blt6cc97a7729db28ca","_in_progress":false,"copyright":"Copyright © Built.io 2017","created_at":"2020-09-15T07:44:03.231Z","created_by":"bltf01cfddcefa2394d","group":{"title":"LOCATION","address":"319, Chandansar Road Chandansar, Chandansar, Virar, Maharashtra 401305"},"social":{"title":"AROUND THE WEB","social_links":[{"link":{"title":"Facebook","href":"#"},"fontawesome_class":"fa fa-facebook"},{"link":{"title":"Google Plus","href":"#"},"fontawesome_class":"fa fa-google-plus"},{"link":{"title":"Twitter","href":"#"},"fontawesome_class":"fa fa-twitter"},{"link":{"title":"Linked In","href":"#"},"fontawesome_class":"fa fa-linkedin"},{"link":{"title":"Dribble","href":"#"},"fontawesome_class":"fa fa-dribbble"}]},"tags":[],"title":"Footer","updated_at":"2020-09-15T07:44:21.829Z","updated_by":"bltf01cfddcefa2394d"}