{"_version":3,"locale":"en-us","uid":"bltdd80415c862b1fbc","_in_progress":false,"banner":{"uid":"blt03f584340414c8c8","created_at":"2020-09-14T05:46:33.209Z","updated_at":"2020-09-14T05:46:33.209Z","created_by":"bltf01cfddcefa2394d","updated_by":"bltf01cfddcefa2394d","content_type":"image/jpeg","file_size":"149882","tags":[],"filename":"Content&Gatsby.jpg","url":"https://images.contentstack.io/v3/assets/blt17537f14dafb140d/blt03f584340414c8c8/5f5f03b9c0eb1d4aeabe96ae/Content&Gatsby.jpg","ACL":[],"is_dir":false,"_version":1,"title":"Content&Gatsby.jpg"},"banner_description":"","created_at":"2020-09-14T05:50:49.758Z","created_by":"bltf01cfddcefa2394d","footer":[{"uid":"blt6cc97a7729db28ca","_content_type_uid":"footer"}],"group":[{"title":"Contentstack(CMS)","description":"<ul>\n<li>Superfast Headless CMS.</li>\n<li>REST APIs to deliver content to any channel such as websites, mobile apps, or devices.</li>\n<li>Developer and content editor are friendly.</li>\n</ul>"},{"title":"Gatsby","description":"<ul>\n<li>Blazing-fast static site generator for React.</li>\n<li>Modern web tech without the headache.</li>\n<li>Static Progressive Web Apps.</li>\n<li>Gatsby Preview is awesome.</li>\n</ul>"}],"header":[{"uid":"blt33151368f4f9fcfb","_content_type_uid":"header"}],"seo":{"meta_title":"Home","description":"Home page contains an example that is been rendered using gatsby.","keywords":"Home"},"tags":[],"title":"Home","updated_at":"2020-09-15T07:46:45.167Z","updated_by":"bltf01cfddcefa2394d","url":"/"}