{"bltdd80415c862b1fbc":{"title":"Home","url":"/","seo":{"meta_title":"Home","description":"Home page contains an example that is been rendered using gatsby.","keywords":"Home"},"banner":{"uid":"blt03f584340414c8c8","created_at":"2020-09-14T05:46:33.209Z","updated_at":"2020-09-14T05:46:33.209Z","created_by":"bltf01cfddcefa2394d","updated_by":"bltf01cfddcefa2394d","content_type":"image/jpeg","file_size":"149882","tags":[],"filename":"Content&Gatsby.jpg","url":"https://images.contentstack.io/v3/assets/blt17537f14dafb140d/blt03f584340414c8c8/5f5f03b9c0eb1d4aeabe96ae/Content&Gatsby.jpg","ACL":[],"is_dir":false,"_version":1,"title":"Content&Gatsby.jpg","publish_details":[{"environment":"blt17d583b2bd1905a0","locale":"en-us","time":"2020-09-15T07:46:53.754Z","user":"bltf01cfddcefa2394d","version":1},{"environment":"bltfca2e86ddd2fca9e","locale":"en-us","time":"2020-10-06T13:07:39.470Z","user":"bltf01cfddcefa2394d","version":1}]},"banner_description":"","tags":[],"locale":"en-us","uid":"bltdd80415c862b1fbc","created_by":"bltf01cfddcefa2394d","updated_by":"bltf01cfddcefa2394d","created_at":"2020-09-14T05:50:49.758Z","updated_at":"2020-09-15T07:46:45.167Z","ACL":{},"_version":3,"_in_progress":false,"group":[{"title":"Contentstack(CMS)","description":"<ul>\n<li>Superfast Headless CMS.</li>\n<li>REST APIs to deliver content to any channel such as websites, mobile apps, or devices.</li>\n<li>Developer and content editor are friendly.</li>\n</ul>"},{"title":"Gatsby","description":"<ul>\n<li>Blazing-fast static site generator for React.</li>\n<li>Modern web tech without the headache.</li>\n<li>Static Progressive Web Apps.</li>\n<li>Gatsby Preview is awesome.</li>\n</ul>"}],"publish_details":[{"environment":"blt17d583b2bd1905a0","locale":"en-us","time":"2020-10-05T09:33:00.047Z","user":"bltf01cfddcefa2394d","version":3},{"environment":"bltfca2e86ddd2fca9e","locale":"en-us","time":"2020-10-06T13:07:39.470Z","user":"bltf01cfddcefa2394d","version":3}]}}