[{"uid":"blt83ee91ed0e1daa67","content_type":"image/jpeg","file_size":"39133","tags":[],"filename":"travel-blog-banner.jpg","url":"https://images.contentstack.io/v3/assets/blt17537f14dafb140d/blt83ee91ed0e1daa67/5f71c9e51868224e73cb09cb/travel-blog-banner.jpg","ACL":{},"is_dir":false,"_version":1,"title":"travel-blog-banner.jpg","publish_details":[{"environment":"blt17d583b2bd1905a0","locale":"en-us","time":"2020-09-28T11:37:40.053Z","user":"bltf01cfddcefa2394d","version":1},{"environment":"bltfca2e86ddd2fca9e","locale":"en-us","time":"2020-10-06T13:08:42.645Z","user":"bltf01cfddcefa2394d","version":1}]}]