[{"uid":"blt03f584340414c8c8","content_type":"image/jpeg","file_size":"149882","tags":[],"filename":"Content&Gatsby.jpg","url":"https://images.contentstack.io/v3/assets/blt17537f14dafb140d/blt03f584340414c8c8/5f5f03b9c0eb1d4aeabe96ae/Content&Gatsby.jpg","ACL":{},"is_dir":false,"_version":1,"title":"Content&Gatsby.jpg","publish_details":[{"environment":"blt17d583b2bd1905a0","locale":"en-us","time":"2020-09-15T07:46:53.754Z","user":"bltf01cfddcefa2394d","version":1},{"environment":"bltfca2e86ddd2fca9e","locale":"en-us","time":"2020-10-06T13:07:39.470Z","user":"bltf01cfddcefa2394d","version":1}]}]