[{"uid":"blt25120895319d53b7","content_type":"image/jpeg","file_size":"143587","tags":[],"filename":"travel-blog-1.jpg","url":"https://images.contentstack.io/v3/assets/blt17537f14dafb140d/blt25120895319d53b7/5f71cdad241b733a5c3673a2/travel-blog-1.jpg","ACL":{},"is_dir":false,"_version":1,"title":"travel-blog-1.jpg","publish_details":[{"environment":"blt17d583b2bd1905a0","locale":"en-us","time":"2020-09-28T11:49:37.928Z","user":"bltf01cfddcefa2394d","version":1},{"environment":"bltfca2e86ddd2fca9e","locale":"en-us","time":"2020-10-06T13:08:42.645Z","user":"bltf01cfddcefa2394d","version":1}]}]