[{"uid":"bltcf6741486d4e4d0e","content_type":"image/png","file_size":"78256","tags":[],"filename":"gaming-blog-post.png","url":"https://images.contentstack.io/v3/assets/blt17537f14dafb140d/bltcf6741486d4e4d0e/5f71ca61b46e6a468eb30ff5/gaming-blog-post.png","ACL":{},"is_dir":false,"_version":1,"title":"gaming-blog-post.png","publish_details":[{"environment":"blt17d583b2bd1905a0","locale":"en-us","time":"2020-09-28T11:37:40.053Z","user":"bltf01cfddcefa2394d","version":1},{"environment":"bltfca2e86ddd2fca9e","locale":"en-us","time":"2020-10-06T13:08:42.645Z","user":"bltf01cfddcefa2394d","version":1}]}]