[{"uid":"blt871d14a779b0edd4","content_type":"image/jpeg","file_size":"104784","tags":[],"filename":"science_and_technology.jpg","url":"https://images.contentstack.io/v3/assets/blt17537f14dafb140d/blt871d14a779b0edd4/5f71ca44419b304ab54c3964/science_and_technology.jpg","ACL":{},"is_dir":false,"parent_uid":null,"_version":1,"title":"science_and_technology.jpg","publish_details":[{"environment":"blt17d583b2bd1905a0","locale":"en-us","time":"2020-09-28T11:37:40.053Z","user":"bltf01cfddcefa2394d","version":1},{"environment":"bltfca2e86ddd2fca9e","locale":"en-us","time":"2020-10-06T13:08:42.645Z","user":"bltf01cfddcefa2394d","version":1}]}]