[{"uid":"blt11bc8781de76dceb","content_type":"image/jpeg","file_size":"122858","tags":[],"filename":"food-blog-banner.jpg","url":"https://images.contentstack.io/v3/assets/blt17537f14dafb140d/blt11bc8781de76dceb/5f71ca33747ff04fb79009bc/food-blog-banner.jpg","ACL":{},"is_dir":false,"_version":1,"title":"food-blog-banner.jpg","publish_details":[{"environment":"blt17d583b2bd1905a0","locale":"en-us","time":"2020-09-28T11:37:40.053Z","user":"bltf01cfddcefa2394d","version":1},{"environment":"bltfca2e86ddd2fca9e","locale":"en-us","time":"2020-10-06T13:08:42.645Z","user":"bltf01cfddcefa2394d","version":1}]}]